,City,Country,Latitude,Longitude,Temperature (F),Humidity (%),Cloudiness (%),Wind Speed (%)
7159,novoseleznevo,ru,56.0,69,17.0,82.0,68.0,6.0
5830,north branch,us,46.0,-93,17.0,73.0,1.0,10.0
6062,kalispell,us,48.0,-115,28.0,81.0,75.0,3.0
7372,irbit,ru,58.0,63,1.0,60.0,36.0,2.0
285,mandurah,au,-32.0,113,66.0,34.0,40.0,14.0
7021,lukhovitsy,ru,55.0,39,19.0,89.0,64.0,4.0
3510,dindori,in,23.0,81,62.0,62.0,0.0,2.0
1890,kiboga,ug,1.0,32,61.0,91.0,0.0,2.0
3176,myanaung,mm,18.0,94,76.0,76.0,12.0,13.0
1408,cabedelo,br,-7.0,-34,75.0,94.0,40.0,3.0
5316,north bend,us,42.0,-137,48.0,92.0,90.0,6.0
7898,kovdor,ru,68.0,29,21.0,77.0,80.0,6.0
5874,codroipo,it,46.0,13,50.0,100.0,92.0,1.0
7861,igarka,ru,66.0,85,-11.0,57.0,20.0,8.0
3987,dera bugti,pk,29.0,69,58.0,83.0,0.0,6.0
2773,birnin kebbi,ng,13.0,4,62.0,39.0,0.0,7.0
6786,meleuz,ru,53.0,56,17.0,89.0,80.0,3.0
6533,khovu-aksy,ru,51.0,94,-6.0,49.0,32.0,3.0
2599,leo,bf,11.0,-2,69.0,31.0,12.0,7.0
591,gobabis,na,-23.0,19,61.0,88.0,64.0,5.0
1021,balaka,mw,-15.0,35,65.0,100.0,20.0,2.0
1752,magadi,ke,-2.0,36,67.0,82.0,40.0,9.0
3144,george town,ky,18.0,-83,85.0,79.0,75.0,2.0
3849,qidong,cn,27.0,112,61.0,98.0,100.0,6.0
6581,swan river,ca,52.0,-101,-9.0,48.0,0.0,2.0
5821,billings,us,46.0,-108,30.0,58.0,20.0,8.0
5792,kaitong,cn,45.0,123,47.0,30.0,8.0,24.0
1817,santo domingo,ec,0.0,-79,75.0,94.0,40.0,4.0
1990,kitgum,ug,3.0,33,63.0,80.0,0.0,5.0
5245,porto torres,it,41.0,8,48.0,93.0,40.0,1.0
3205,mundo nuevo,mx,19.0,-95,55.0,93.0,0.0,6.0
4642,harqalah,tn,36.0,10,40.0,87.0,0.0,4.0
3735,sann,pk,26.0,68,59.0,72.0,20.0,4.0
7607,kizema,ru,61.0,45,24.0,90.0,88.0,10.0
2578,puerto cabello,ve,11.0,-68,80.0,65.0,40.0,2.0
4883,carbonia,it,38.0,8,55.0,93.0,75.0,1.0
5402,khuchni,ru,42.0,48,28.0,81.0,76.0,0.0
66,san carlos de bariloche,ar,-43.0,-71,46.0,65.0,0.0,1.0
5915,balkhash,kz,46.0,75,10.0,100.0,0.0,6.0
3814,jaisalmer,in,27.0,70,58.0,70.0,44.0,4.0
2421,bida,ng,9.0,6,70.0,69.0,0.0,3.0
7284,krivosheino,ru,57.0,84,-2.0,62.0,20.0,7.0
683,rio novo do sul,br,-21.0,-41,76.0,94.0,92.0,10.0
2850,niono,ml,14.0,-6,67.0,33.0,0.0,9.0
4639,medea,dz,36.0,2,64.0,59.0,75.0,11.0
6310,lillooet,ca,50.0,-122,41.0,80.0,75.0,2.0
4732,sikeston,us,37.0,-90,42.0,80.0,90.0,25.0
7539,lesnoy,ru,60.0,52,21.0,90.0,92.0,5.0
7869,pevek,ru,66.0,170,-7.0,80.0,0.0,6.0
5365,girona,es,42.0,3,41.0,100.0,20.0,3.0
158,port macquarie,au,-37.0,161,77.0,38.0,40.0,13.0
2872,adwa,et,14.0,39,47.0,100.0,36.0,2.0
3662,sirsa,in,25.0,82,56.0,80.0,0.0,2.0
5156,janfida,am,40.0,44,35.0,93.0,20.0,2.0
3366,surat,in,21.0,73,80.0,100.0,12.0,11.0
1005,sao joao do paraiso,br,-15.0,-42,62.0,86.0,92.0,4.0
2280,ragama,lk,7.0,80,78.0,78.0,8.0,8.0
4016,linhai,cn,29.0,121,58.0,100.0,92.0,3.0
6274,dombarovskiy,ru,49.0,60,26.0,87.0,68.0,12.0
4343,pindi gheb,pk,33.0,72,46.0,78.0,0.0,2.0
7133,tumbotino,ru,56.0,43,26.0,86.0,90.0,8.0
3711,panama city,us,26.0,-87,65.0,100.0,75.0,9.0
2634,prachuap khiri khan,th,11.0,101,83.0,62.0,0.0,8.0
4635,ceuta,es,36.0,-5,66.0,91.0,0.0,2.0
2013,san jeronimo,mx,4.0,-107,46.0,95.0,92.0,1.0
3520,lakshmipur,bd,23.0,91,76.0,82.0,0.0,5.0
4495,canyon,us,35.0,-102,28.0,69.0,1.0,6.0
1771,sao gabriel da cachoeira,br,-1.0,-68,77.0,95.0,44.0,2.0
6111,freilassing,de,48.0,13,39.0,93.0,75.0,4.0
5381,tetovo,mk,42.0,21,35.0,96.0,64.0,7.0
5188,preobrazheniye,ru,40.0,135,39.0,58.0,0.0,2.0
7565,mokhsogollokh,ru,60.0,128,-24.0,70.0,24.0,3.0
3106,kodar,in,17.0,80,75.0,48.0,0.0,4.0
5628,gromiljak,ba,44.0,18,46.0,100.0,75.0,1.0
4000,jumla,np,29.0,82,33.0,63.0,0.0,2.0
6710,drayton valley,ca,53.0,-115,14.0,66.0,0.0,2.0
6940,zalesovo,ru,54.0,85,18.0,80.0,80.0,16.0
4129,wilmington,us,31.0,-76,40.0,100.0,1.0,1.0
6747,neuruppin,de,53.0,13,33.0,100.0,75.0,6.0
4534,asimion,gr,35.0,25,59.0,93.0,90.0,11.0
3700,mapimi,mx,26.0,-104,62.0,67.0,40.0,13.0
2701,debre tabor,et,12.0,38,49.0,72.0,0.0,3.0
2600,navrongo,gh,11.0,-1,70.0,37.0,0.0,6.0
7499,tyssedal,no,60.0,7,-1.0,61.0,0.0,1.0
6752,bydgoszcz,pl,53.0,18,35.0,93.0,90.0,9.0
5241,alcaniz,es,41.0,0,40.0,91.0,24.0,4.0
4772,paros,gr,37.0,25,33.0,95.0,80.0,3.0
6546,duldurga,ru,51.0,114,15.0,43.0,36.0,20.0
6249,humenne,sk,49.0,22,29.0,100.0,92.0,4.0
1742,gamboma,cg,-2.0,16,69.0,98.0,80.0,3.0
4416,zlitan,ly,34.0,15,58.0,100.0,0.0,10.0
2147,cerinza,co,6.0,-73,55.0,93.0,64.0,2.0
4400,lawrenceville,us,34.0,-84,49.0,85.0,90.0,11.0
2897,det udom,th,14.0,105,78.0,61.0,88.0,17.0
1833,kango,ga,0.0,10,72.0,99.0,92.0,2.0
6589,carmarthen,gb,52.0,-4,32.0,100.0,8.0,5.0
2657,punto fijo,ve,12.0,-71,81.0,74.0,8.0,18.0
5260,proti,gr,41.0,24,42.0,100.0,92.0,2.0
5079,steamboat springs,us,40.0,-107,14.0,88.0,40.0,2.0
6361,stepankovice,cz,50.0,18,41.0,86.0,90.0,17.0
5923,zhenlai,cn,46.0,123,44.0,33.0,64.0,23.0
5056,dingzhou,cn,39.0,114,48.0,39.0,0.0,2.0
7426,karla,ee,59.0,21,26.0,92.0,20.0,2.0
5735,saint-medard-en-jalles,fr,45.0,-1,41.0,100.0,88.0,3.0
4212,brandon,us,32.0,-90,17.0,72.0,1.0,11.0
1124,kasungu,mw,-13.0,33,61.0,89.0,24.0,3.0
842,joao pinheiro,br,-18.0,-46,63.0,98.0,68.0,8.0
239,llaillay,cl,-33.0,-71,61.0,93.0,0.0,6.0
973,antalaha,mg,-16.0,52,74.0,94.0,20.0,7.0
7436,kholm,ru,59.0,33,21.0,87.0,56.0,7.0
3634,arona,es,25.0,-18,36.0,100.0,75.0,2.0
2783,massaguet,td,13.0,15,66.0,32.0,0.0,5.0
6743,achim,de,53.0,9,35.0,98.0,92.0,9.0
7398,ust-maya,ru,58.0,134,-24.0,72.0,8.0,3.0
5167,romitan,uz,40.0,64,33.0,86.0,80.0,6.0
1957,tarakan,id,2.0,116,82.0,98.0,44.0,2.0
6969,ekhabi,ru,54.0,145,10.0,100.0,0.0,11.0
6600,sassenberg,de,52.0,8,39.0,93.0,75.0,3.0
2685,dutse,ng,12.0,9,60.0,44.0,0.0,6.0
7125,zubtsov,ru,56.0,35,19.0,76.0,76.0,7.0
5658,shetpe,kz,44.0,52,27.0,69.0,88.0,2.0
7662,lyaskelya,ru,62.0,31,12.0,80.0,12.0,6.0
56,milton,nz,-46.0,170,34.0,95.0,90.0,3.0
7330,linkoping,se,58.0,16,20.0,92.0,0.0,3.0
3189,puro,ph,18.0,118,83.0,75.0,0.0,4.0
2145,salgar,co,6.0,-76,60.0,100.0,75.0,2.0
5936,novikovo,ru,46.0,143,30.0,100.0,24.0,5.0
7243,kalyazin,ru,57.0,38,22.0,86.0,80.0,10.0
6494,bakhmach,ua,51.0,33,34.0,99.0,92.0,6.0
7319,visnes,no,58.0,2,31.0,80.0,76.0,6.0
7182,borodino,ru,56.0,95,12.0,76.0,64.0,15.0
1778,soure,br,-1.0,-49,57.0,67.0,20.0,14.0
4590,ito,jp,35.0,139,60.0,59.0,75.0,12.0
4137,bani walid,ly,31.0,14,50.0,88.0,0.0,8.0
7158,armizonskoye,ru,56.0,68,17.0,83.0,68.0,5.0
2156,mana,gf,6.0,-54,48.0,87.0,0.0,12.0
387,presidencia roque saenz pena,ar,-28.0,-62,71.0,81.0,24.0,8.0
5154,horasan,tr,40.0,42,25.0,95.0,80.0,2.0
7234,pytalovo,ru,57.0,28,23.0,80.0,56.0,6.0
3705,brownsville,us,26.0,-97,69.0,47.0,1.0,13.0
3245,pyay,mm,19.0,95,75.0,79.0,0.0,10.0
5743,giaveno,it,45.0,7,44.0,100.0,75.0,2.0
3107,nuzvid,in,17.0,81,75.0,64.0,0.0,2.0
2382,balila,ph,8.0,125,51.0,87.0,92.0,3.0
7921,murmansk,ru,69.0,33,23.0,79.0,75.0,4.0
6485,hrubieszow,pl,51.0,24,30.0,97.0,88.0,7.0
1165,baixa grande,br,-12.0,-40,74.0,74.0,100.0,6.0
1514,morropon,pe,-5.0,-80,67.0,76.0,76.0,1.0
3843,bijie,cn,27.0,105,48.0,81.0,24.0,3.0
5750,pula,hr,45.0,14,77.0,69.0,75.0,12.0
953,sao joao da ponte,br,-16.0,-44,62.0,99.0,100.0,9.0
2620,adet,et,11.0,38,48.0,79.0,8.0,3.0
1459,ananas,br,-6.0,-48,70.0,81.0,48.0,2.0
4907,goksun,tr,38.0,36,42.0,93.0,0.0,2.0
91,riwaka,nz,-41.0,173,55.0,100.0,100.0,13.0
5126,anzio,it,40.0,12,55.0,87.0,40.0,13.0
3177,letpadan,mm,18.0,96,78.0,70.0,0.0,3.0
4021,caborca,mx,30.0,-113,45.0,74.0,0.0,3.0
6637,novyye burasy,ru,52.0,46,24.0,92.0,90.0,4.0
7584,hof,no,61.0,13,39.0,91.0,90.0,5.0
3001,san pedro buenavista,mx,16.0,-93,59.0,74.0,36.0,1.0
1757,jambi,id,-2.0,103,77.0,95.0,92.0,3.0
3413,panuco,mx,22.0,-98,50.0,43.0,40.0,6.0
6198,kenora,ca,49.0,-95,6.0,84.0,20.0,8.0
3158,araouane,ml,18.0,-6,67.0,48.0,64.0,9.0
477,lichtenburg,za,-26.0,26,59.0,89.0,88.0,8.0
6929,zverinogolovskoye,ru,54.0,65,19.0,88.0,76.0,8.0
7721,kuopio,fi,63.0,28,24.0,92.0,90.0,3.0
31,arraial do cabo,br,-58.0,-18,71.0,100.0,92.0,8.0
2506,nikki,bj,10.0,3,65.0,59.0,0.0,3.0
2594,kolondieba,ml,11.0,-7,66.0,65.0,8.0,2.0
6472,erfurt,de,51.0,11,39.0,100.0,90.0,10.0
5794,qianguo,cn,45.0,125,43.0,51.0,20.0,30.0
2784,massakory,td,13.0,16,65.0,24.0,0.0,12.0
837,santa helena de goias,br,-18.0,-51,69.0,96.0,56.0,5.0
5715,wiarton,ca,45.0,-81,33.0,86.0,90.0,9.0
7238,marevo,ru,57.0,32,46.0,100.0,75.0,1.0
790,nova vicosa,br,-19.0,-38,73.0,99.0,92.0,5.0
1273,saurimo,ao,-10.0,19,64.0,94.0,64.0,2.0
1061,luena,ao,-14.0,20,59.0,96.0,56.0,2.0
526,biloela,au,-25.0,150,91.0,21.0,0.0,12.0
4319,zuwarah,ly,33.0,12,59.0,100.0,12.0,11.0
4463,huaibei,cn,34.0,117,59.0,83.0,0.0,6.0
1264,remanso,br,-10.0,-42,74.0,100.0,92.0,6.0
4407,camacha,pt,34.0,-17,64.0,77.0,75.0,13.0
463,santo antonio do sudoeste,br,-26.0,-54,73.0,58.0,0.0,7.0
5483,limoux,fr,43.0,2,43.0,93.0,90.0,2.0
871,torata,pe,-17.0,-71,31.0,70.0,0.0,1.0
7824,muzhi,ru,65.0,63,-6.0,75.0,80.0,4.0
1515,la peca,pe,-5.0,-78,64.0,100.0,92.0,1.0
4923,fereydun kenar,ir,38.0,52,48.0,93.0,90.0,4.0
7412,tonstad,no,59.0,7,30.0,80.0,90.0,2.0
5001,capoterra,it,39.0,9,56.0,93.0,75.0,1.0
7710,hell,no,63.0,11,35.0,93.0,90.0,18.0
4258,talwara,in,32.0,76,52.0,76.0,0.0,2.0
5494,matelica,it,43.0,13,48.0,93.0,88.0,3.0
5061,qinhuangdao,cn,39.0,120,49.0,73.0,64.0,9.0
5415,hovd,mn,42.0,101,37.0,93.0,90.0,18.0
2245,agnibilekrou,ci,7.0,-3,71.0,95.0,12.0,4.0
851,kasane,bw,-18.0,25,69.0,88.0,0.0,4.0
2375,yaring,th,8.0,102,84.0,70.0,20.0,9.0
4453,guozhen,cn,34.0,107,64.0,68.0,0.0,4.0
6497,ivnya,ru,51.0,36,32.0,94.0,90.0,6.0
5412,tokmak,kg,42.0,75,36.0,95.0,80.0,10.0
7399,palana,ru,58.0,160,22.0,78.0,88.0,5.0
822,mollendo,pe,-18.0,-73,51.0,87.0,24.0,1.0
2195,ginir,et,6.0,41,49.0,80.0,64.0,2.0
1366,sumbawanga,tz,-8.0,32,62.0,67.0,40.0,6.0
5397,shorapani,ge,42.0,43,46.0,93.0,75.0,3.0
2422,suleja,ng,9.0,7,66.0,68.0,0.0,3.0
4299,texarkana,us,33.0,-94,37.0,59.0,1.0,12.0
7486,talaya,ru,59.0,154,12.0,80.0,64.0,7.0
1915,puerto rico,co,2.0,-75,72.0,60.0,0.0,5.0
3342,nautla,mx,21.0,-96,78.0,98.0,0.0,7.0
5213,streator,us,41.0,-89,33.0,99.0,90.0,35.0
5890,dmytrivka,ua,46.0,29,32.0,92.0,88.0,2.0
3309,minbu,mm,20.0,94,75.0,80.0,0.0,5.0
1835,booue,ga,0.0,12,71.0,100.0,92.0,2.0
3303,junagarh,in,20.0,83,69.0,50.0,0.0,3.0
7255,urzhum,ru,57.0,50,22.0,92.0,80.0,9.0
6312,peachland,ca,50.0,-120,40.0,70.0,90.0,12.0
5489,bordighera,it,43.0,8,43.0,87.0,0.0,6.0
2470,puntarenas,cr,10.0,-85,69.0,88.0,0.0,4.0
5249,sabaudia,it,41.0,13,54.0,87.0,40.0,13.0
930,mahina,pf,-16.0,-149,76.0,42.0,88.0,9.0
475,werda,bw,-26.0,24,38.0,93.0,90.0,11.0
2165,dunkwa,gh,6.0,-2,70.0,94.0,12.0,3.0
823,tacna,pe,-18.0,-70,67.0,72.0,75.0,4.0
1390,contamana,pe,-7.0,-75,74.0,96.0,68.0,1.0
2916,gualaco,hn,15.0,-86,77.0,78.0,40.0,2.0
853,sinazongwe,zm,-18.0,28,73.0,92.0,32.0,5.0
550,capao bonito,br,-24.0,-48,59.0,89.0,0.0,11.0
2513,mubi,ng,10.0,13,60.0,51.0,0.0,4.0
294,sawtell,au,-32.0,160,75.0,57.0,0.0,14.0
7865,deputatskiy,ru,66.0,139,-19.0,54.0,36.0,2.0
6664,turochak,ru,52.0,87,16.0,64.0,76.0,5.0
117,wonthaggi,au,-39.0,146,65.0,70.0,68.0,3.0
7713,ornskoldsvik,se,63.0,19,20.0,79.0,0.0,8.0
6550,kalga,ru,51.0,119,13.0,57.0,68.0,15.0
2124,sigli,id,5.0,96,79.0,100.0,0.0,2.0
4042,edgewater,us,30.0,-79,62.0,93.0,1.0,2.0
725,nova serrana,br,-20.0,-45,65.0,98.0,92.0,4.0
2705,aden,ye,12.0,45,78.0,100.0,80.0,11.0
7296,novobiryusinskiy,ru,57.0,98,13.0,58.0,56.0,9.0
7174,izhmorskiy,ru,56.0,87,9.0,77.0,56.0,11.0
6292,nenjiang,cn,49.0,125,32.0,63.0,12.0,18.0
320,elliot,za,-31.0,28,47.0,66.0,8.0,0.0
3026,goundam,ml,16.0,-5,67.0,49.0,36.0,13.0
4239,shush,ir,32.0,48,12.0,78.0,56.0,14.0
3760,hojai,in,26.0,93,69.0,86.0,0.0,1.0
3414,miramar,mx,22.0,-97,69.0,88.0,0.0,4.0
373,kimberley,za,-29.0,25,69.0,52.0,0.0,12.0
4603,espanola,us,36.0,-106,33.0,95.0,88.0,5.0
5685,mombetsu,jp,44.0,143,41.0,100.0,75.0,11.0
1024,antsohihy,mg,-15.0,48,70.0,90.0,20.0,5.0
6577,lanigan,ca,52.0,-105,9.0,87.0,88.0,6.0
7753,sisimiut,gl,64.0,-59,16.0,87.0,44.0,1.0
6369,lanivtsi,ua,50.0,26,33.0,100.0,92.0,9.0
687,omaruru,na,-21.0,16,70.0,50.0,32.0,2.0
7396,serebryanyy bor,ru,58.0,124,-24.0,65.0,32.0,1.0
6386,danilovka,ru,50.0,44,18.0,88.0,80.0,6.0
6427,cache creek,ca,51.0,-121,40.0,86.0,90.0,11.0
4185,shanghai,cn,31.0,122,68.0,68.0,75.0,6.0
637,dekar,bw,-22.0,22,65.0,71.0,56.0,0.0
7473,nizhnevartovsk,ru,59.0,76,-20.0,75.0,40.0,2.0
297,coquimbo,cl,-31.0,-77,57.0,87.0,0.0,3.0
2101,nanga eboko,cm,5.0,13,67.0,97.0,56.0,3.0
369,morro da fumaca,br,-29.0,-49,63.0,100.0,44.0,5.0
3726,abnub,eg,26.0,26,55.0,76.0,0.0,9.0
4496,pampa,us,35.0,-101,32.0,72.0,1.0,9.0
5613,millau,fr,44.0,3,39.0,93.0,90.0,4.0
5699,powell,us,45.0,-109,48.0,87.0,75.0,9.0
6118,matranovak,hu,48.0,20,43.0,98.0,92.0,8.0
768,colquechaca,bo,-19.0,-66,47.0,88.0,64.0,1.0
6140,nizhniy chir,ru,48.0,43,15.0,100.0,64.0,6.0
2079,zipaquira,co,5.0,-74,55.0,82.0,40.0,2.0
132,hamilton,au,-38.0,142,71.0,64.0,75.0,16.0
1878,abonnema,ng,1.0,5,74.0,95.0,32.0,5.0
3724,adeje,es,26.0,-18,76.0,93.0,0.0,8.0
6618,pinsk,by,52.0,26,27.0,96.0,88.0,7.0
3594,darlawn,in,24.0,93,65.0,76.0,0.0,2.0
3676,myitkyina,mm,25.0,97,68.0,78.0,0.0,2.0
5355,real,pt,42.0,-8,86.0,55.0,20.0,5.0
6311,merritt,ca,50.0,-121,40.0,80.0,75.0,2.0
276,palmares do sul,br,-32.0,-50,62.0,82.0,0.0,8.0
5275,gorele,tr,41.0,39,50.0,71.0,40.0,6.0
5949,great falls,us,47.0,-111,26.0,82.0,20.0,6.0
531,isangel,vu,-25.0,176,80.0,94.0,12.0,14.0
4350,xining,cn,33.0,98,21.0,58.0,24.0,3.0
1371,kisanga,tz,-8.0,38,63.0,92.0,92.0,5.0
2322,conakry,gn,8.0,-16,83.0,100.0,20.0,9.0
457,taltal,cl,-26.0,-79,54.0,100.0,8.0,1.0
3995,sonipat,in,29.0,77,58.0,79.0,0.0,2.0
4450,tral,in,34.0,75,28.0,66.0,8.0,3.0
272,paysandu,uy,-32.0,-58,65.0,45.0,56.0,9.0
5648,kamennomostskiy,ru,44.0,40,23.0,71.0,0.0,3.0
6058,wenatchee,us,48.0,-121,35.0,75.0,40.0,1.0
5696,dillon,us,45.0,-113,24.0,68.0,1.0,13.0
7735,koslan,ru,63.0,49,23.0,89.0,88.0,4.0
2929,basse-pointe,mq,15.0,-61,78.0,78.0,20.0,9.0
3693,mulege,mx,26.0,-113,57.0,100.0,0.0,2.0
1982,nola,cf,3.0,16,68.0,100.0,88.0,2.0
4813,zhangye,cn,37.0,99,30.0,62.0,8.0,6.0
26,cidreira,br,-63.0,-18,56.0,91.0,0.0,4.0
7248,puchezh,ru,57.0,43,23.0,99.0,76.0,10.0
4672,karaj,ir,36.0,51,45.0,93.0,75.0,18.0
234,cowra,au,-34.0,149,69.0,63.0,0.0,5.0
1065,kasempa,zm,-14.0,26,62.0,93.0,48.0,3.0
955,taiobeiras,br,-16.0,-42,62.0,86.0,92.0,4.0
3964,cape canaveral,us,29.0,-79,63.0,93.0,1.0,5.0
3910,pawayan,in,28.0,80,63.0,89.0,0.0,3.0
4872,colares,pt,38.0,-14,56.0,71.0,20.0,9.0
2548,panalingaan,ph,10.0,116,82.0,95.0,32.0,2.0
1562,metro,id,-5.0,105,84.0,87.0,24.0,4.0
3344,celestun,mx,21.0,-92,79.0,94.0,0.0,13.0
771,abapo,bo,-19.0,-63,66.0,94.0,56.0,1.0
6320,swift current,ca,50.0,-108,19.0,92.0,90.0,9.0
6858,thompson,ca,54.0,-99,1.0,77.0,90.0,6.0
6481,wloszczowa,pl,51.0,20,32.0,98.0,88.0,8.0
6677,istok,ru,52.0,106,27.0,94.0,80.0,7.0
568,farafangana,mg,-24.0,50,76.0,100.0,80.0,11.0
6076,chapleau,ca,48.0,-84,21.0,92.0,90.0,3.0
3625,venustiano carranza,mx,25.0,-103,57.0,45.0,5.0,2.0
4244,meybod,ir,32.0,53,44.0,100.0,90.0,9.0
4175,wanxian,cn,31.0,108,54.0,78.0,0.0,2.0
3698,guadalupe y calvo,mx,26.0,-107,44.0,90.0,80.0,1.0
7338,mammaste,ee,58.0,27,26.0,100.0,90.0,6.0
2222,los algarrobos,pa,7.0,-82,89.0,33.0,75.0,3.0
4989,ericeira,pt,39.0,-10,56.0,71.0,20.0,9.0
3276,tulum,mx,20.0,-87,73.0,94.0,40.0,3.0
1877,yenagoa,ng,1.0,3,75.0,94.0,0.0,8.0
5938,hoquiam,us,47.0,-125,45.0,92.0,75.0,6.0
4429,balad,iq,34.0,44,83.0,100.0,44.0,4.0
2339,save,bj,8.0,3,74.0,77.0,0.0,6.0
7011,pastavy,by,55.0,27,22.0,78.0,76.0,6.0
2855,tera,ne,14.0,1,59.0,72.0,40.0,4.0
7718,keuruu,fi,63.0,25,15.0,100.0,0.0,3.0
3000,paredon,mx,16.0,-94,48.0,96.0,100.0,1.0
2689,bama,ng,12.0,14,65.0,76.0,0.0,3.0
4913,siirt,tr,38.0,42,40.0,100.0,64.0,2.0
5733,bermeo,es,45.0,-3,41.0,100.0,75.0,12.0
6971,terrace,ca,55.0,-129,39.0,100.0,90.0,1.0
4905,aksaray,tr,38.0,34,32.0,71.0,0.0,12.0
7914,sjovegan,no,69.0,18,26.0,92.0,76.0,16.0
4066,harnai,pk,30.0,68,45.0,45.0,0.0,2.0
7629,berdigestyakh,ru,61.0,125,-27.0,84.0,44.0,3.0
1417,inyonga,tz,-7.0,32,63.0,84.0,56.0,5.0
913,marovoay,mg,-17.0,46,77.0,69.0,20.0,4.0
4225,nador,ma,32.0,-2,64.0,63.0,0.0,2.0
7057,zdvinsk,ru,55.0,79,20.0,88.0,80.0,12.0
4957,redlands,us,39.0,-109,64.0,25.0,5.0,5.0
3215,montego bay,jm,19.0,-78,80.0,83.0,40.0,4.0
4213,laurel,us,32.0,-89,30.0,58.0,20.0,8.0
5924,tailai,cn,46.0,124,42.0,38.0,80.0,23.0
3255,jieshi,cn,19.0,116,64.0,100.0,100.0,12.0
6510,dergachi,ru,51.0,49,18.0,88.0,88.0,3.0
4994,ciudad real,es,39.0,-4,44.0,88.0,0.0,16.0
896,itanhem,br,-17.0,-40,67.0,97.0,92.0,2.0
5416,mujiayingzi,cn,42.0,118,44.0,36.0,68.0,13.0
6812,beya,ru,53.0,91,12.0,73.0,56.0,7.0
2680,diapaga,bf,12.0,1,62.0,44.0,0.0,5.0
1921,bubaque,gw,2.0,-24,75.0,64.0,48.0,8.0
1105,boquira,br,-13.0,-43,68.0,96.0,100.0,2.0
5943,moses lake,us,47.0,-119,35.0,88.0,1.0,6.0
3743,tonk,in,26.0,76,60.0,67.0,0.0,2.0
6518,ereymentau,kz,51.0,74,17.0,82.0,88.0,16.0
1680,bolobo,cd,-3.0,16,71.0,100.0,76.0,2.0
546,barbosa ferraz,br,-24.0,-52,78.0,65.0,0.0,2.0
4143,busayra,jo,31.0,36,43.0,91.0,0.0,1.0
4398,gadsden,us,34.0,-86,52.0,100.0,90.0,11.0
3941,rosarito,mx,29.0,-121,71.0,100.0,75.0,2.0
7075,magistralnyy,ru,55.0,107,12.0,46.0,36.0,8.0
7303,mamakan,ru,57.0,114,3.0,74.0,68.0,2.0
2574,distraccion,co,11.0,-73,71.0,87.0,20.0,1.0
7544,krasnovishersk,ru,60.0,57,16.0,87.0,88.0,10.0
4070,mailsi,pk,30.0,72,57.0,87.0,0.0,2.0
6814,karatuzskoye,ru,53.0,93,15.0,68.0,56.0,10.0
29,dunedin,nz,-60.0,179,50.0,96.0,92.0,10.0
7155,krasnyy oktyabr,ru,56.0,65,20.0,89.0,76.0,7.0
1784,fougamou,ga,-1.0,11,72.0,99.0,92.0,2.0
1487,kilimatinde,tz,-6.0,35,60.0,89.0,0.0,4.0
4348,manali,in,33.0,77,-16.0,27.0,0.0,1.0
2665,canchungo,gw,12.0,-16,74.0,64.0,68.0,8.0
3851,pingxiang,cn,27.0,114,63.0,74.0,0.0,3.0
5413,kemin,kg,42.0,76,-3.0,40.0,24.0,1.0
6102,saint-andre-les-vergers,fr,48.0,4,42.0,100.0,75.0,2.0
7930,ust-kuyga,ru,69.0,135,-34.0,0.0,48.0,3.0
5574,sheridan,us,44.0,-107,24.0,59.0,20.0,8.0
6561,tymovskoye,ru,51.0,143,17.0,68.0,32.0,3.0
2200,beruwala,lk,6.0,79,80.0,100.0,8.0,8.0
4411,birin,dz,34.0,4,46.0,92.0,36.0,5.0
1362,kaniama,cd,-8.0,24,67.0,95.0,92.0,2.0
3208,sabancuy,mx,19.0,-91,83.0,86.0,0.0,8.0
4589,mori,jp,35.0,138,62.0,61.0,68.0,4.0
7260,yelovo,ru,57.0,55,22.0,93.0,76.0,5.0
4048,surt,ly,30.0,18,63.0,100.0,0.0,6.0
4492,las vegas,us,35.0,-105,50.0,18.0,40.0,9.0
7490,pangnirtung,ca,60.0,-62,21.0,92.0,92.0,5.0
1257,aripuana,br,-10.0,-61,75.0,94.0,48.0,2.0
1891,kamuli,ug,1.0,33,62.0,97.0,0.0,3.0
7749,namtsy,ru,63.0,129,-27.0,84.0,12.0,0.0
7534,kichmengskiy gorodok,ru,60.0,46,24.0,87.0,88.0,8.0
4118,hattiesburg,us,31.0,-89,65.0,100.0,1.0,8.0
7131,krasnyy bogatyr,ru,56.0,41,21.0,89.0,68.0,7.0
827,capinota,bo,-18.0,-66,66.0,52.0,40.0,12.0
7083,magadan,ru,55.0,150,12.0,78.0,40.0,6.0
7206,portree,gb,57.0,-8,40.0,100.0,0.0,14.0
7309,anchorage,us,58.0,-148,36.0,100.0,75.0,4.0
5496,ortona,it,43.0,15,50.0,100.0,24.0,4.0
3098,dabhol,in,17.0,71,81.0,88.0,0.0,4.0
6708,hinton,ca,53.0,-117,12.0,73.0,0.0,2.0
557,letlhakeng,bw,-24.0,25,69.0,57.0,36.0,3.0
2106,boali,cf,5.0,18,71.0,94.0,0.0,2.0
5882,varias,ro,46.0,21,49.0,93.0,92.0,8.0
654,mackay,au,-22.0,149,23.0,100.0,5.0,2.0
7911,stokmarknes,no,69.0,15,36.0,100.0,68.0,19.0
1007,ibicui,br,-15.0,-40,68.0,96.0,92.0,1.0
5849,millinocket,us,46.0,-69,30.0,88.0,90.0,3.0
7556,megion,ru,60.0,76,-20.0,75.0,40.0,2.0
374,botshabelo,za,-29.0,27,59.0,77.0,0.0,5.0
3874,port lavaca,us,28.0,-96,59.0,48.0,1.0,6.0
6374,rzhyshchiv,ua,50.0,31,32.0,100.0,90.0,2.0
1516,barranca,pe,-5.0,-77,63.0,100.0,24.0,10.0
3989,uch,pk,29.0,71,41.0,100.0,88.0,5.0
1929,anisoc,gq,2.0,11,69.0,98.0,24.0,2.0
1446,olmos,pe,-6.0,-80,71.0,67.0,80.0,2.0
4493,tucumcari,us,35.0,-104,32.0,46.0,1.0,6.0
1094,nuevo imperial,pe,-13.0,-76,58.0,92.0,64.0,3.0
7572,lavrentiya,ru,61.0,-170,24.0,100.0,88.0,34.0
700,fianarantsoa,mg,-21.0,47,61.0,88.0,24.0,2.0
3581,banda,in,24.0,79,65.0,65.0,0.0,3.0
6541,balyaga,ru,51.0,109,12.0,50.0,8.0,8.0
1527,crateus,br,-5.0,-41,70.0,91.0,80.0,1.0
507,maltahohe,na,-25.0,16,63.0,71.0,80.0,3.0
3576,salumbar,in,24.0,74,66.0,50.0,0.0,6.0
3901,ubauro,pk,28.0,70,60.0,85.0,0.0,7.0
1375,tulungagung,id,-8.0,112,83.0,84.0,8.0,4.0
2007,bintulu,my,3.0,113,87.0,70.0,75.0,3.0
7553,nefteyugansk,ru,60.0,73,-16.0,75.0,75.0,3.0
7123,belyy,ru,56.0,33,16.0,76.0,36.0,6.0
5853,amherst,ca,46.0,-64,30.0,86.0,90.0,10.0
7027,gagino,ru,55.0,45,18.0,87.0,88.0,3.0
6735,boston,gb,53.0,0,41.0,88.0,90.0,3.0
1463,colinas,br,-6.0,-44,74.0,91.0,88.0,2.0
6633,rzhaksa,ru,52.0,42,22.0,94.0,92.0,5.0
6135,krasnoarmeysk,ua,48.0,37,26.0,86.0,90.0,6.0
2214,pandan niog,ph,6.0,120,85.0,97.0,20.0,7.0
3722,saint george,bm,26.0,-59,51.0,100.0,90.0,4.0
2518,goundi,td,10.0,18,65.0,64.0,32.0,2.0
97,valdivia,cl,-40.0,-76,50.0,81.0,0.0,4.0
4719,alamosa,us,37.0,-106,17.0,55.0,1.0,4.0
7760,olden,no,64.0,10,2.0,87.0,0.0,1.0
1994,moyale,ke,3.0,39,65.0,96.0,56.0,3.0
6184,pincher creek,ca,49.0,-114,35.0,55.0,75.0,26.0
6515,lisakovsk,kz,51.0,63,22.0,79.0,68.0,6.0
7321,lyngdal,no,58.0,7,23.0,85.0,0.0,5.0
1093,mala,pe,-13.0,-77,61.0,100.0,48.0,7.0
5471,rockland,us,43.0,-69,42.0,88.0,90.0,3.0
5192,miyako,jp,40.0,142,59.0,72.0,75.0,4.0
6505,yelan,ru,51.0,44,20.0,90.0,88.0,6.0
3281,guantanamo,cu,20.0,-75,72.0,97.0,48.0,1.0
3483,nuevo progreso,mx,23.0,-97,69.0,26.0,1.0,13.0
1380,tual,id,-8.0,130,84.0,100.0,64.0,8.0
5713,alpena,us,45.0,-84,32.0,74.0,90.0,3.0
7537,raduzhnyy,ru,60.0,50,-15.0,69.0,32.0,3.0
3398,ishigaki,jp,21.0,126,77.0,65.0,75.0,4.0
7628,kysyl-syr,ru,61.0,123,-26.0,81.0,56.0,2.0
6399,atbasar,kz,50.0,68,19.0,87.0,80.0,16.0
7852,zelenoborskiy,ru,66.0,32,21.0,77.0,8.0,7.0
2081,villanueva,co,5.0,-72,78.0,67.0,64.0,1.0
3954,bay city,us,29.0,-96,36.0,72.0,90.0,5.0
1808,simpang,id,-1.0,104,86.0,70.0,75.0,4.0
7681,nyagan,ru,62.0,65,-10.0,70.0,32.0,3.0
7312,hofn,is,58.0,-16,33.0,100.0,12.0,3.0
3269,zacatlan,mx,20.0,-98,49.0,80.0,0.0,1.0
7847,tornio,fi,66.0,24,22.0,92.0,90.0,5.0
6027,dubovskoye,ru,47.0,43,19.0,90.0,68.0,3.0
870,atuona,pf,-17.0,-141,79.0,100.0,68.0,10.0
2292,phan thiet,vn,7.0,110,76.0,100.0,92.0,12.0
921,mareeba,au,-17.0,142,95.0,53.0,20.0,17.0
5468,bennington,us,43.0,-73,36.0,95.0,90.0,3.0
1688,misasi,tz,-3.0,33,68.0,72.0,20.0,11.0
226,oudtshoorn,za,-34.0,22,64.0,93.0,75.0,2.0
6534,balgazyn,ru,51.0,95,2.0,42.0,36.0,3.0
7732,rochegda,ru,63.0,43,24.0,94.0,80.0,2.0
2257,gboko,ng,7.0,9,68.0,79.0,0.0,4.0
7040,turgoyak,ru,55.0,60,11.0,87.0,20.0,4.0
4513,rock hill,us,35.0,-81,46.0,100.0,20.0,4.0
5303,yebaishou,cn,41.0,120,47.0,48.0,56.0,13.0
7172,yurga,ru,56.0,85,12.0,80.0,64.0,8.0
956,pedra azul,br,-16.0,-41,68.0,69.0,92.0,3.0
6994,logumkloster,dk,55.0,9,33.0,92.0,0.0,2.0
7439,ustyuzhna,ru,59.0,36,25.0,83.0,80.0,7.0
5151,erzincan,tr,40.0,39,33.0,94.0,75.0,1.0
7575,brae,gb,61.0,-3,43.0,75.0,0.0,9.0
4058,do gonbadan,ir,30.0,51,48.0,93.0,0.0,0.0
3906,narnaul,in,28.0,76,57.0,63.0,0.0,2.0
4718,aztec,us,37.0,-108,28.0,34.0,1.0,5.0
7215,thyboron,dk,57.0,8,35.0,100.0,0.0,8.0
4490,south valley,us,35.0,-107,28.0,23.0,1.0,3.0
793,ongandjera,na,-19.0,15,63.0,93.0,0.0,6.0
4607,enid,us,36.0,-98,30.0,52.0,1.0,11.0
5269,safranbolu,tr,41.0,33,26.0,79.0,0.0,1.0
200,deniliquin,au,-35.0,145,75.0,47.0,0.0,6.0
1831,anloga,gh,0.0,2,82.0,88.0,20.0,8.0
6911,veshkayma,ru,54.0,47,17.0,80.0,80.0,5.0
4144,turayf,sa,31.0,38,46.0,100.0,0.0,4.0
287,perth,au,-32.0,116,37.0,87.0,75.0,11.0
6348,gedinne,be,50.0,5,37.0,100.0,80.0,8.0
6413,priargunsk,ru,50.0,119,20.0,55.0,20.0,22.0
2909,tres picos,mx,15.0,-94,77.0,69.0,40.0,6.0
3087,freetown,ag,17.0,-61,78.0,100.0,20.0,6.0
7831,zhigansk,ru,65.0,125,-29.0,0.0,12.0,8.0
1038,macusani,pe,-14.0,-70,51.0,100.0,64.0,1.0
5200,evanston,us,41.0,-111,34.0,92.0,90.0,25.0
3526,gejiu,cn,23.0,103,56.0,83.0,0.0,2.0
6330,sioux lookout,ca,50.0,-92,8.0,72.0,75.0,12.0
6651,krasnoyarskiy,ru,52.0,60,25.0,89.0,88.0,6.0
4069,khangarh,pk,30.0,71,58.0,89.0,8.0,2.0
7381,kolpashevo,ru,58.0,83,-1.0,69.0,44.0,7.0
6449,gimli,ca,51.0,-98,9.0,69.0,56.0,11.0
1475,loandjili,cg,-6.0,10,78.0,94.0,75.0,5.0
443,deneysville,za,-27.0,28,58.0,100.0,32.0,7.0
4373,yucaipa,us,34.0,-117,64.0,35.0,1.0,4.0
95,takapau,nz,-41.0,177,55.0,97.0,100.0,12.0
7665,petrozavodsk,ru,62.0,35,23.0,79.0,0.0,8.0
5065,dandong,cn,39.0,124,45.0,75.0,0.0,3.0
36,necochea,ar,-54.0,-51,55.0,71.0,0.0,9.0
6212,baie-comeau,ca,49.0,-68,28.0,92.0,90.0,2.0
2553,suba,ph,10.0,121,50.0,96.0,92.0,2.0
6806,topchikha,ru,53.0,83,16.0,87.0,48.0,16.0
7229,tukums,lv,57.0,23,26.0,100.0,75.0,5.0
2988,san narciso,ph,15.0,120,86.0,52.0,20.0,13.0
5223,hazleton,us,41.0,-76,35.0,100.0,40.0,1.0
4482,barstow,us,35.0,-117,41.0,36.0,1.0,4.0
982,coracora,pe,-15.0,-74,31.0,83.0,0.0,2.0
2403,mambolo,sl,9.0,-13,78.0,83.0,40.0,2.0
7408,lerwick,gb,59.0,1,42.0,75.0,88.0,9.0
1138,port moresby,pg,-13.0,146,95.0,47.0,40.0,17.0
5152,bayburt,tr,40.0,40,24.0,100.0,68.0,3.0
6112,vorchdorf,at,48.0,14,39.0,100.0,75.0,2.0
6503,uryupinsk,ru,51.0,42,22.0,95.0,92.0,6.0
1571,ambunti,pg,-5.0,142,83.0,80.0,48.0,1.0
2291,vung tau,vn,7.0,109,75.0,94.0,90.0,10.0
1501,jati,id,-6.0,111,63.0,84.0,76.0,2.0
653,moranbah,au,-22.0,147,97.0,15.0,0.0,10.0
5357,valladolid,es,42.0,-5,39.0,90.0,32.0,16.0
4427,yabrud,sy,34.0,37,50.0,93.0,0.0,11.0
5817,lewiston,us,46.0,-117,33.0,96.0,90.0,6.0
